
{"results":[{"gender":"male","name":{"title":"mr","first":"rasmus","last":"kivisto"},"location":{"street":"5731 fredrikinkatu","city":"sastamala","state":"åland","postcode":56788},"email":"rasmus.kivisto@example.com","login":{"username":"redgoose892","password":"reason","salt":"dQkNDMrn","md5":"93f2e2c86204f6803ffc05d4d8530be0","sha1":"b5b8cdef968c3e4722604e2a2c26d07b10f1e6b1","sha256":"31618d83c8c9abb5cee3248d37ac2abaf586b13a5170836fead81703c509d555"},"registered":1197458141,"dob":1219227520,"phone":"07-599-929","cell":"044-226-29-76","id":{"name":"HETU","value":"48162027-O"},"picture":{"large":"https://randomuser.me/api/portraits/men/36.jpg","medium":"https://randomuser.me/api/portraits/med/men/36.jpg","thumbnail":"https://randomuser.me/api/portraits/thumb/men/36.jpg"},"nat":"FI"},{"gender":"female","name":{"title":"miss","first":"addison","last":"smith"},"location":{"street":"4777 lake of bays road","city":"windsor","state":"alberta","postcode":69674},"email":"addison.smith@example.com","login":{"username":"orangeswan377","password":"super","salt":"ImqJgt6o","md5":"e7276ffc3bd2c2182403393b1109b624","sha1":"6765f9368d5596c005bde4c1f4a7afcfbd6f11c9","sha256":"8a6f92046d6ae5184a0cdfa2f381c356034e4d81e1713d27536a037831c8dce7"},"registered":1259483610,"dob":40460986,"phone":"350-438-4848","cell":"449-210-2247","id":{"name":"","value":null},"picture":{"large":"https://randomuser.me/api/portraits/women/60.jpg","medium":"https://randomuser.me/api/portraits/med/women/60.jpg","thumbnail":"https://randomuser.me/api/portraits/thumb/women/60.jpg"},"nat":"CA"},{"gender":"female","name":{"title":"ms","first":"jill","last":"murray"},"location":{"street":"7839 central st","city":"bathurst","state":"tasmania","postcode":6698},"email":"jill.murray@example.com","login":{"username":"whitepanda103","password":"1983","salt":"Z6xaqigR","md5":"db9c93c543558ae02742a08418734be4","sha1":"212fbbf59eff3bed976b4f42e1727eb6961c6f4d","sha256":"3ce68d3798a7dc839e05c1746905f1453bb8a33700216b7cb0c6e9663fd128c6"},"registered":1012104134,"dob":1101179194,"phone":"09-2974-8359","cell":"0412-587-487","id":{"name":"TFN","value":"487814758"},"picture":{"large":"https://randomuser.me/api/portraits/women/37.jpg","medium":"https://randomuser.me/api/portraits/med/women/37.jpg","thumbnail":"https://randomuser.me/api/portraits/thumb/women/37.jpg"},"nat":"AU"},{"gender":"female","name":{"title":"mrs","first":"charlotte","last":"bates"},"location":{"street":"3479 lakeshore rd","city":"tampa","state":"massachusetts","postcode":10929},"email":"charlotte.bates@example.com","login":{"username":"yellowgorilla733","password":"supernov","salt":"KZ8TmgLy","md5":"741f676613cd3daa792ea078368c23a8","sha1":"44f060ad113dfe380ae662cb25f977b7c3f4e653","sha256":"db7f76b04848f98f283fe1b5a98e1384bffba6ef9d664a3de13d210b5e82c01d"},"registered":921143768,"dob":132986895,"phone":"(055)-757-3095","cell":"(477)-677-5368","id":{"name":"SSN","value":"130-99-3201"},"picture":{"large":"https://randomuser.me/api/portraits/women/76.jpg","medium":"https://randomuser.me/api/portraits/med/women/76.jpg","thumbnail":"https://randomuser.me/api/portraits/thumb/women/76.jpg"},"nat":"US"},{"gender":"male","name":{"title":"mr","first":"jacob","last":"turner"},"location":{"street":"8249 forbury road","city":"hastings","state":"southland","postcode":21337},"email":"jacob.turner@example.com","login":{"username":"ticklishpanda342","password":"orgy","salt":"3qOpM2t1","md5":"9dd70a9a1a0686585169fb69a02e9907","sha1":"df170ea9828485df02a9b88f7c2ff1f7eefea8a3","sha256":"fad1e8ba4356d5cae5700c703370b7fbe2038158a61efec7b2d568346eb093e5"},"registered":1078143187,"dob":624802256,"phone":"(064)-536-4653","cell":"(270)-033-0898","id":{"name":"","value":null},"picture":{"large":"https://randomuser.me/api/portraits/men/50.jpg","medium":"https://randomuser.me/api/portraits/med/men/50.jpg","thumbnail":"https://randomuser.me/api/portraits/thumb/men/50.jpg"},"nat":"NZ"},{"gender":"male","name":{"title":"mr","first":"viljami","last":"pietila"},"location":{"street":"6665 bulevardi","city":"siilinjärvi","state":"south karelia","postcode":69707},"email":"viljami.pietila@example.com","login":{"username":"redmouse253","password":"zeppelin","salt":"azIUteCr","md5":"d31f2b837d7d03f6dd34f2c01b70c006","sha1":"c8fda219da05af7c47098fee50c770277eebda47","sha256":"f9850176b5dfa410616ba3b13f5b54ecd060fcac7ee282b8f4d23299e9d14912"},"registered":1265237700,"dob":353929664,"phone":"08-636-101","cell":"048-799-40-85","id":{"name":"HETU","value":"62993436-H"},"picture":{"large":"https://randomuser.me/api/portraits/men/73.jpg","medium":"https://randomuser.me/api/portraits/med/men/73.jpg","thumbnail":"https://randomuser.me/api/portraits/thumb/men/73.jpg"},"nat":"FI"},{"gender":"male","name":{"title":"mr","first":"jacob","last":"long"},"location":{"street":"3143 alexander road","city":"liverpool","state":"devon","postcode":"IW2 7NS"},"email":"jacob.long@example.com","login":{"username":"whitegoose781","password":"anfield","salt":"uSaQBxOh","md5":"96bb3c0ca9ca9ec7b803dfcc6a7c1381","sha1":"a59a38dc5128e3c1b54ab67a9df36d739d8a1eda","sha256":"bf41f6eabfce825c2c41288d64cbb0f1fbdbcb3fcb4e8628a895a367f6571724"},"registered":1196707249,"dob":842697679,"phone":"019467 41460","cell":"0756-421-925","id":{"name":"NINO","value":"ZZ 53 53 66 Z"},"picture":{"large":"https://randomuser.me/api/portraits/men/22.jpg","medium":"https://randomuser.me/api/portraits/med/men/22.jpg","thumbnail":"https://randomuser.me/api/portraits/thumb/men/22.jpg"},"nat":"GB"},{"gender":"male","name":{"title":"mr","first":"manuel","last":"jimenez"},"location":{"street":"3365 calle de arturo soria","city":"barcelona","state":"cataluña","postcode":87557},"email":"manuel.jimenez@example.com","login":{"username":"goldenbear905","password":"reaper","salt":"jCT0wj3F","md5":"4c81bc8bbf586b0ec824c1d87c254247","sha1":"c0178156f77f7dee4f331f88a2581248bb4de7be","sha256":"4865d462e62d5c43405385fc96971e5b3ee437fbd69832d6ba3edb4297e9f529"},"registered":933542996,"dob":736882160,"phone":"920-323-280","cell":"691-697-134","id":{"name":"DNI","value":"44429371-L"},"picture":{"large":"https://randomuser.me/api/portraits/men/34.jpg","medium":"https://randomuser.me/api/portraits/med/men/34.jpg","thumbnail":"https://randomuser.me/api/portraits/thumb/men/34.jpg"},"nat":"ES"},{"gender":"male","name":{"title":"mr","first":"ümit","last":"adan"},"location":{"street":"7253 şehitler cd","city":"kayseri","state":"uşak","postcode":43631},"email":"ümit.adan@example.com","login":{"username":"tinysnake443","password":"maxwell1","salt":"YzwV42mY","md5":"9f9c876a1c90064e15075efd558f80d0","sha1":"f35a10c43a26249489009aaed00363ac38c6100b","sha256":"9f49a9fde3c36f8d42072bfe26c174d4b0f9d36761149f041bde76ff494619b7"},"registered":947733935,"dob":506839091,"phone":"(357)-768-7140","cell":"(539)-132-5367","id":{"name":"","value":null},"picture":{"large":"https://randomuser.me/api/portraits/men/18.jpg","medium":"https://randomuser.me/api/portraits/med/men/18.jpg","thumbnail":"https://randomuser.me/api/portraits/thumb/men/18.jpg"},"nat":"TR"},{"gender":"female","name":{"title":"mrs","first":"yan","last":"boorsma"},"location":{"street":"9853 van asch van wijckskade","city":"leusden","state":"zuid-holland","postcode":10086},"email":"yan.boorsma@example.com","login":{"username":"purplepanda202","password":"tekken","salt":"cRIVFBcb","md5":"eced5e7403ed19d4e724a06de49c5c71","sha1":"4a0ef7fb7cbadce0e79fba88d6028059dd760cdf","sha256":"cb359da946e1e10aad57c33ea3fd4fe0450ab3152fbe7fa1d8697e83516b9b44"},"registered":1050140720,"dob":1341540008,"phone":"(631)-804-8107","cell":"(159)-933-8281","id":{"name":"BSN","value":"79876182"},"picture":{"large":"https://randomuser.me/api/portraits/women/8.jpg","medium":"https://randomuser.me/api/portraits/med/women/8.jpg","thumbnail":"https://randomuser.me/api/portraits/thumb/women/8.jpg"},"nat":"NL"},{"gender":"female","name":{"title":"miss","first":"joann","last":"vranken"},"location":{"street":"2011 donkerstraat","city":"heerenveen","state":"overijssel","postcode":58944},"email":"joann.vranken@example.com","login":{"username":"lazyfish407","password":"orange","salt":"VR2GaUE6","md5":"b506a631bcb22951f73244dd30666c89","sha1":"0b948a1aab643f2c60d10e7210ef1d070b1596c0","sha256":"98dc9d252c9afb654394d418198f677496774850d75b5c98f84c3de2dd20f95d"},"registered":1305470134,"dob":934760347,"phone":"(624)-864-7281","cell":"(095)-121-9683","id":{"name":"BSN","value":"97979396"},"picture":{"large":"https://randomuser.me/api/portraits/women/61.jpg","medium":"https://randomuser.me/api/portraits/med/women/61.jpg","thumbnail":"https://randomuser.me/api/portraits/thumb/women/61.jpg"},"nat":"NL"},{"gender":"male","name":{"title":"mr","first":"benjamin","last":"kopp"},"location":{"street":"5494 rosenstraße","city":"leverkusen","state":"bremen","postcode":94753},"email":"benjamin.kopp@example.com","login":{"username":"crazybear272","password":"reefer","salt":"n09jcASP","md5":"89bdd365e630abb631212fcacf2dc72d","sha1":"7d61b3ecb9fbb1a9858183c2c84dfcb5acd1d8d8","sha256":"80716c98058965b45814c47ad4a24c1dd884be041109f06bcf3e031bf00a9cfe"},"registered":1318133973,"dob":1313525396,"phone":"0963-2837219","cell":"0178-5925834","id":{"name":"","value":null},"picture":{"large":"https://randomuser.me/api/portraits/men/68.jpg","medium":"https://randomuser.me/api/portraits/med/men/68.jpg","thumbnail":"https://randomuser.me/api/portraits/thumb/men/68.jpg"},"nat":"DE"},{"gender":"female","name":{"title":"mrs","first":"afet","last":"durak"},"location":{"street":"8863 mevlana cd","city":"adana","state":"kütahya","postcode":53115},"email":"afet.durak@example.com","login":{"username":"yellowostrich729","password":"mortimer","salt":"GH1uiNDh","md5":"ff2455ecbb1ba4cfaab25c5d45bbb0f9","sha1":"4ad3ae9a67303c33d1cb4d74e855d2958bb2f8fc","sha256":"442908e1f7c742a26b5462432d9a10e3fbac43d48b43a2aa4196ce6d68523650"},"registered":944306824,"dob":846489535,"phone":"(979)-883-1041","cell":"(510)-868-0662","id":{"name":"","value":null},"picture":{"large":"https://randomuser.me/api/portraits/women/49.jpg","medium":"https://randomuser.me/api/portraits/med/women/49.jpg","thumbnail":"https://randomuser.me/api/portraits/thumb/women/49.jpg"},"nat":"TR"},{"gender":"male","name":{"title":"mr","first":"volkan","last":"poçan"},"location":{"street":"9317 istiklal cd","city":"bingöl","state":"sinop","postcode":14932},"email":"volkan.poçan@example.com","login":{"username":"bigrabbit827","password":"314159","salt":"3l5uGSOO","md5":"46813ab6ad66d220b851b443a7251ab7","sha1":"cdce8a5c7773773d559c774491b59de6905f215c","sha256":"27825180ae35221f28a7f813294530d55e5a78a7aa4feeda3e8de39783058009"},"registered":1003862742,"dob":1210208922,"phone":"(623)-161-2970","cell":"(223)-167-5249","id":{"name":"","value":null},"picture":{"large":"https://randomuser.me/api/portraits/men/64.jpg","medium":"https://randomuser.me/api/portraits/med/men/64.jpg","thumbnail":"https://randomuser.me/api/portraits/thumb/men/64.jpg"},"nat":"TR"},{"gender":"female","name":{"title":"ms","first":"misty","last":"douglas"},"location":{"street":"6898 plum st","city":"bunbury","state":"queensland","postcode":6416},"email":"misty.douglas@example.com","login":{"username":"crazyrabbit546","password":"acer","salt":"Uila5Lk8","md5":"1cdf6f76393c5f9e21795777e5e3034e","sha1":"b556c8196da103b229d57d66b04af959b7b9a9c1","sha256":"9064c6a435dc403894d2bcf62f46364cb6fb43dbcec870bd89a39767dbc3677b"},"registered":1344585187,"dob":855564583,"phone":"09-2125-4290","cell":"0498-239-715","id":{"name":"TFN","value":"805852950"},"picture":{"large":"https://randomuser.me/api/portraits/women/51.jpg","medium":"https://randomuser.me/api/portraits/med/women/51.jpg","thumbnail":"https://randomuser.me/api/portraits/thumb/women/51.jpg"},"nat":"AU"},{"gender":"male","name":{"title":"mr","first":"حسین","last":"محمدخان"},"location":{"street":"8197 شهید شهرام امیری","city":"شهریار","state":"کرمانشاه","postcode":86904},"email":"حسین.محمدخان@example.com","login":{"username":"yellowbird274","password":"rabbits","salt":"hBH9s8Cx","md5":"79119068989a23b9865a85a3841b0707","sha1":"c0f13c6ced7c3165f7bd8e0604b514e1555f18cc","sha256":"6753543d03f95f81ede579ccc63b5ce88503d9c3c7c75222e11a179a6d8a6503"},"registered":1126005653,"dob":1048824046,"phone":"026-05639650","cell":"0987-965-5445","id":{"name":"","value":null},"picture":{"large":"https://randomuser.me/api/portraits/men/63.jpg","medium":"https://randomuser.me/api/portraits/med/men/63.jpg","thumbnail":"https://randomuser.me/api/portraits/thumb/men/63.jpg"},"nat":"IR"},{"gender":"male","name":{"title":"mr","first":"roman","last":"cooper"},"location":{"street":"7469 queens drive","city":"porirua","state":"nelson","postcode":98549},"email":"roman.cooper@example.com","login":{"username":"redbutterfly244","password":"nellie","salt":"eqtrq2ZB","md5":"bf720cf6286e54bbaff220b4de6a40e7","sha1":"a97ee14931eb2ea7b9cabe19ce231ad34866b0d9","sha256":"9912cbf5eb6a1bb9eb8de4a3e4cecf70f553f42a3b682a539a23a3a9c644d2f7"},"registered":1356240608,"dob":1122847151,"phone":"(527)-925-4246","cell":"(614)-068-2403","id":{"name":"","value":null},"picture":{"large":"https://randomuser.me/api/portraits/men/38.jpg","medium":"https://randomuser.me/api/portraits/med/men/38.jpg","thumbnail":"https://randomuser.me/api/portraits/thumb/men/38.jpg"},"nat":"NZ"},{"gender":"male","name":{"title":"monsieur","first":"roméo","last":"brunet"},"location":{"street":"1632 rue des cuirassiers","city":"riex","state":"basel-landschaft","postcode":6461},"email":"roméo.brunet@example.com","login":{"username":"yellowtiger683","password":"scandinavian","salt":"FFU6C41O","md5":"a4bd66a06d3c4ebdf5226b9b0025875a","sha1":"a65090f4798703a2beb63771c0b79fb53858a45c","sha256":"a85ca2df9088df0d5dcf873ee167227b49c754e7f2fe675bce72a6edce273e19"},"registered":1215905254,"dob":338351614,"phone":"(783)-602-4543","cell":"(107)-231-1808","id":{"name":"AVS","value":"756.JZET.BFNB.68"},"picture":{"large":"https://randomuser.me/api/portraits/men/71.jpg","medium":"https://randomuser.me/api/portraits/med/men/71.jpg","thumbnail":"https://randomuser.me/api/portraits/thumb/men/71.jpg"},"nat":"CH"},{"gender":"male","name":{"title":"mr","first":"charles","last":"picard"},"location":{"street":"8607 avenue tony-garnier","city":"dunkerque","state":"aube","postcode":76500},"email":"charles.picard@example.com","login":{"username":"tinykoala383","password":"deftones","salt":"BwL1QVAd","md5":"8d014ec3689adbebdfee19d50f745734","sha1":"4e7e4ca55beecb7106ed4b8ddffd154fadf1b2a2","sha256":"38b2c4ed3ef7bd047e90760074b5a605ad8b3c104f9bcb90aff7d35fc16d29c1"},"registered":953326415,"dob":371529656,"phone":"02-58-97-36-54","cell":"06-02-60-67-06","id":{"name":"INSEE","value":"181928746805 81"},"picture":{"large":"https://randomuser.me/api/portraits/men/47.jpg","medium":"https://randomuser.me/api/portraits/med/men/47.jpg","thumbnail":"https://randomuser.me/api/portraits/thumb/men/47.jpg"},"nat":"FR"},{"gender":"male","name":{"title":"mr","first":"clídio","last":"teixeira"},"location":{"street":"2914 rua dois","city":"lauro de freitas","state":"amazonas","postcode":32884},"email":"clídio.teixeira@example.com","login":{"username":"goldenrabbit931","password":"55555","salt":"u8CN3LuS","md5":"26ca20a9ae0a04c6f64cb452fca6e170","sha1":"dc5e638b1023e03da4726538bc6ee2bf62b2180d","sha256":"3aa54cc58197716656f62d560addb34d1b79cacb47595411c8b8546b24c9b395"},"registered":1256589624,"dob":1286542596,"phone":"(94) 2270-8726","cell":"(29) 5027-2010","id":{"name":"","value":null},"picture":{"large":"https://randomuser.me/api/portraits/men/92.jpg","medium":"https://randomuser.me/api/portraits/med/men/92.jpg","thumbnail":"https://randomuser.me/api/portraits/thumb/men/92.jpg"},"nat":"BR"},{"gender":"male","name":{"title":"mr","first":"jeremiah","last":"wells"},"location":{"street":"5139 royal ln","city":"ballarat","state":"western australia","postcode":1757},"email":"jeremiah.wells@example.com","login":{"username":"goldengoose288","password":"1029","salt":"YeP5NYr4","md5":"f9139fd4748afacfd14522c02fb923ee","sha1":"e731ade5176aa9ad273aae0d83522b4ce4938d6b","sha256":"9d34fde40f1bfce1dc3a0a309dce3c58d8e6b73ea5197224cf896728358e945f"},"registered":1053206536,"dob":332065906,"phone":"01-3840-6258","cell":"0412-415-239","id":{"name":"TFN","value":"826794116"},"picture":{"large":"https://randomuser.me/api/portraits/men/77.jpg","medium":"https://randomuser.me/api/portraits/med/men/77.jpg","thumbnail":"https://randomuser.me/api/portraits/thumb/men/77.jpg"},"nat":"AU"},{"gender":"male","name":{"title":"mr","first":"elbertus","last":"tuenter"},"location":{"street":"6535 kleine singel","city":"nijkerk","state":"noord-holland","postcode":51303},"email":"elbertus.tuenter@example.com","login":{"username":"silvergorilla422","password":"linda","salt":"g8jfAhWs","md5":"68440cc5db739bcb517cb2cacb74bee3","sha1":"182e22ad66d3fa1f26a04fe73b5efc8693617507","sha256":"9b855b9718e246a12e63e475e7611a7670881843d69d50818013996ea9b82a08"},"registered":1224923826,"dob":1328514231,"phone":"(025)-662-3466","cell":"(435)-441-8904","id":{"name":"BSN","value":"31355424"},"picture":{"large":"https://randomuser.me/api/portraits/men/58.jpg","medium":"https://randomuser.me/api/portraits/med/men/58.jpg","thumbnail":"https://randomuser.me/api/portraits/thumb/men/58.jpg"},"nat":"NL"},{"gender":"male","name":{"title":"mr","first":"cesar","last":"delgado"},"location":{"street":"4652 calle de bravo murillo","city":"jerez de la frontera","state":"comunidad valenciana","postcode":69329},"email":"cesar.delgado@example.com","login":{"username":"yellowbird300","password":"chevy","salt":"ffkUEqFE","md5":"4d252385d6040380a12577e3a6c04b20","sha1":"a2edc7b9f66b39940a0e48834b05ddd531b2e601","sha256":"fb2831ff88f272cda96148591c1df246845ad189ae6306f1062869c2689dd458"},"registered":1019973568,"dob":630865104,"phone":"906-843-611","cell":"651-559-667","id":{"name":"DNI","value":"25052024-C"},"picture":{"large":"https://randomuser.me/api/portraits/men/70.jpg","medium":"https://randomuser.me/api/portraits/med/men/70.jpg","thumbnail":"https://randomuser.me/api/portraits/thumb/men/70.jpg"},"nat":"ES"},{"gender":"female","name":{"title":"miss","first":"luisa","last":"zimmer"},"location":{"street":"3062 kirchplatz","city":"stralsund","state":"baden-württemberg","postcode":69979},"email":"luisa.zimmer@example.com","login":{"username":"yellowfish252","password":"catnip","salt":"nUZu4Yni","md5":"7b48809b939922bba6a535e655503a65","sha1":"00b514a35e8a372dadeeeea3a6d7ecd33f86c966","sha256":"049cac6b48e43999db0378f47d95ffa7cd8a3d4e97f70833591f7b27d6dc37e6"},"registered":1176783890,"dob":798736476,"phone":"0953-9747978","cell":"0179-6929309","id":{"name":"","value":null},"picture":{"large":"https://randomuser.me/api/portraits/women/36.jpg","medium":"https://randomuser.me/api/portraits/med/women/36.jpg","thumbnail":"https://randomuser.me/api/portraits/thumb/women/36.jpg"},"nat":"DE"},{"gender":"female","name":{"title":"miss","first":"kimberly","last":"owens"},"location":{"street":"8895 the drive","city":"trim","state":"cork city","postcode":45464},"email":"kimberly.owens@example.com","login":{"username":"greenpeacock483","password":"newlife","salt":"ou0CePdS","md5":"9eda257d24d4d12d82e480d9c4aad1de","sha1":"ac6498d2d39851ed05641760c84be0d977731d0c","sha256":"7904c67e56c129c3865b2647076024c056859bd36009b42ff22c15161d7aa592"},"registered":1172389801,"dob":1176082920,"phone":"071-654-4515","cell":"081-597-2370","id":{"name":"PPS","value":"0746477T"},"picture":{"large":"https://randomuser.me/api/portraits/women/15.jpg","medium":"https://randomuser.me/api/portraits/med/women/15.jpg","thumbnail":"https://randomuser.me/api/portraits/thumb/women/15.jpg"},"nat":"IE"},{"gender":"male","name":{"title":"mr","first":"eugene","last":"peters"},"location":{"street":"9855 royal ln","city":"inglewood","state":"connecticut","postcode":93252},"email":"eugene.peters@example.com","login":{"username":"organicgoose465","password":"1984","salt":"PF2fnaVF","md5":"9bc4168e1a975cef3e023301b79dfc80","sha1":"9b98232bb11d9d06dea333315d06978176713d1e","sha256":"b787134b7cec5164360912b0bb498edfe4f213b575bd046105d9abe579555da7"},"registered":1338934133,"dob":352323674,"phone":"(451)-794-3944","cell":"(288)-887-7211","id":{"name":"SSN","value":"390-36-5392"},"picture":{"large":"https://randomuser.me/api/portraits/men/17.jpg","medium":"https://randomuser.me/api/portraits/med/men/17.jpg","thumbnail":"https://randomuser.me/api/portraits/thumb/men/17.jpg"},"nat":"US"},{"gender":"male","name":{"title":"mr","first":"vilho","last":"wainio"},"location":{"street":"3657 suvantokatu","city":"tuusula","state":"päijät-häme","postcode":38958},"email":"vilho.wainio@example.com","login":{"username":"greendog697","password":"dirt","salt":"TjQkeqNo","md5":"94f9f562004151756d028bbaa66891e4","sha1":"451d2417e92bc6f5eb6fc3844c3c2a0626be339a","sha256":"1d3c69e71aef910b6805e7dba1fc59925281a17802cc111a3d15ead5b71fcd28"},"registered":1288802190,"dob":1406591403,"phone":"07-977-213","cell":"043-657-90-92","id":{"name":"HETU","value":"40475585-Z"},"picture":{"large":"https://randomuser.me/api/portraits/men/78.jpg","medium":"https://randomuser.me/api/portraits/med/men/78.jpg","thumbnail":"https://randomuser.me/api/portraits/thumb/men/78.jpg"},"nat":"FI"},{"gender":"male","name":{"title":"mr","first":"joel","last":"ylitalo"},"location":{"street":"5583 verkatehtaankatu","city":"oulainen","state":"kainuu","postcode":27579},"email":"joel.ylitalo@example.com","login":{"username":"smallbutterfly557","password":"dododo","salt":"ar4H85b6","md5":"1747ab32dd7ab83bcc64fc63f8c84dc3","sha1":"465c79be24ccbd212c4f3eb673d1107b8c3c973c","sha256":"b0ee7cebcac1f8ee39b1ec86a205084708dbf6e345e1e719100b249daf72d8d0"},"registered":962050453,"dob":814746567,"phone":"07-489-342","cell":"049-530-09-23","id":{"name":"HETU","value":"85346807-P"},"picture":{"large":"https://randomuser.me/api/portraits/men/78.jpg","medium":"https://randomuser.me/api/portraits/med/men/78.jpg","thumbnail":"https://randomuser.me/api/portraits/thumb/men/78.jpg"},"nat":"FI"},{"gender":"female","name":{"title":"miss","first":"katie","last":"brooks"},"location":{"street":"5956 new street","city":"ennis","state":"roscommon","postcode":25229},"email":"katie.brooks@example.com","login":{"username":"bluefrog591","password":"102938","salt":"iRE8TO8P","md5":"f6e12ce2fd6ee91a11b14065279f2873","sha1":"a30e99a1b954af7f38bacba2d075a153a8f55c6f","sha256":"9acaa21684cb993e18e12d86ea01d4c629412655f52ee771c6f8b888f38329d7"},"registered":1391759531,"dob":865483462,"phone":"011-426-2939","cell":"081-847-3990","id":{"name":"PPS","value":"7661184T"},"picture":{"large":"https://randomuser.me/api/portraits/women/88.jpg","medium":"https://randomuser.me/api/portraits/med/women/88.jpg","thumbnail":"https://randomuser.me/api/portraits/thumb/women/88.jpg"},"nat":"IE"},{"gender":"male","name":{"title":"mr","first":"harold","last":"washington"},"location":{"street":"2659 hickory creek dr","city":"ballarat","state":"victoria","postcode":4369},"email":"harold.washington@example.com","login":{"username":"beautifulrabbit353","password":"frisky","salt":"zndJWr14","md5":"4e00000262d61f7f9c8919ab78e4fba1","sha1":"f651174d18bf97f0f8fbc761b0cf978dd3d7b115","sha256":"fdb1f1ab75691eb6e701d030b495a92364aeb3de7ce87f250d8f87b1fa79e24b"},"registered":1006047997,"dob":730866351,"phone":"04-6336-5409","cell":"0460-072-891","id":{"name":"TFN","value":"704202766"},"picture":{"large":"https://randomuser.me/api/portraits/men/34.jpg","medium":"https://randomuser.me/api/portraits/med/men/34.jpg","thumbnail":"https://randomuser.me/api/portraits/thumb/men/34.jpg"},"nat":"AU"},{"gender":"female","name":{"title":"mrs","first":"jacinta","last":"novaes"},"location":{"street":"5218 rua vinte de setembro","city":"rio das ostras","state":"alagoas","postcode":76238},"email":"jacinta.novaes@example.com","login":{"username":"crazyostrich521","password":"imagine","salt":"DWWFwRRu","md5":"d06f086e65ec6d5c63d3c6f3db1820f8","sha1":"c2b7245c63185ca240e325485ca56bef35ee8eca","sha256":"eb650b4ae08fe55a1c93e6f00d87e831ac572992c3650b10ae829908307be084"},"registered":1411809695,"dob":866255910,"phone":"(27) 9771-4444","cell":"(83) 2271-7375","id":{"name":"","value":null},"picture":{"large":"https://randomuser.me/api/portraits/women/67.jpg","medium":"https://randomuser.me/api/portraits/med/women/67.jpg","thumbnail":"https://randomuser.me/api/portraits/thumb/women/67.jpg"},"nat":"BR"},{"gender":"male","name":{"title":"mr","first":"bruce","last":"morgan"},"location":{"street":"5345 the green","city":"kells","state":"louth","postcode":61897},"email":"bruce.morgan@example.com","login":{"username":"lazytiger713","password":"walker","salt":"mReNVEpn","md5":"4f1f9cf93f1c70479ea44e3011ab1c81","sha1":"0ff3b3cd239ac57f08f70711228753b5dd43fc7c","sha256":"555bb74c30a6e751c3c21f91ef24e4294b9fa8d801ee2167e592ba93b542c773"},"registered":1097102245,"dob":131949956,"phone":"061-882-6540","cell":"081-285-4860","id":{"name":"PPS","value":"0011215T"},"picture":{"large":"https://randomuser.me/api/portraits/men/55.jpg","medium":"https://randomuser.me/api/portraits/med/men/55.jpg","thumbnail":"https://randomuser.me/api/portraits/thumb/men/55.jpg"},"nat":"IE"},{"gender":"female","name":{"title":"mrs","first":"mathilde","last":"schmitt"},"location":{"street":"6310 rue des abbesses","city":"versailles","state":"charente-maritime","postcode":85653},"email":"mathilde.schmitt@example.com","login":{"username":"lazyleopard456","password":"starfire","salt":"PsuH2wnH","md5":"ce7695d7d559ba1d63c138967254d746","sha1":"8a9dd01da59ce77b69f91660cd36e7c65d2f9f65","sha256":"00c57f0b61314905df6c8cbbface1b70accbbd15803a24791295252ee2bd6f8e"},"registered":1007891146,"dob":419418901,"phone":"03-95-80-80-35","cell":"06-42-18-55-73","id":{"name":"INSEE","value":"283362665186 60"},"picture":{"large":"https://randomuser.me/api/portraits/women/29.jpg","medium":"https://randomuser.me/api/portraits/med/women/29.jpg","thumbnail":"https://randomuser.me/api/portraits/thumb/women/29.jpg"},"nat":"FR"},{"gender":"female","name":{"title":"ms","first":"léonie","last":"chevalier"},"location":{"street":"8603 rue barrier","city":"le havre","state":"territoire de belfort","postcode":44306},"email":"léonie.chevalier@example.com","login":{"username":"organiccat551","password":"hardball","salt":"vdE97CEq","md5":"eb4559012b9b2a05067bd75fd1cd4eaa","sha1":"f80a6bcbe6e43949f901b4bcbe9045fa26d9cb26","sha256":"573ab9bb6758007254ea248a80dc693019be2241fc2b8b5990a92e22b5723677"},"registered":1348834633,"dob":848425668,"phone":"02-81-80-66-33","cell":"06-22-83-97-72","id":{"name":"INSEE","value":"2961082525480 64"},"picture":{"large":"https://randomuser.me/api/portraits/women/27.jpg","medium":"https://randomuser.me/api/portraits/med/women/27.jpg","thumbnail":"https://randomuser.me/api/portraits/thumb/women/27.jpg"},"nat":"FR"},{"gender":"male","name":{"title":"mr","first":"daniel","last":"lepisto"},"location":{"street":"3926 esplanadi","city":"heinävesi","state":"southern ostrobothnia","postcode":19439},"email":"daniel.lepisto@example.com","login":{"username":"crazymouse464","password":"amazon","salt":"hUFQLIgq","md5":"210ee6e1a64e59dfab35572368477a9a","sha1":"d3a3988468787b42d00c61704253e9afffbe28fa","sha256":"bba8a787181c7a5bd61b4a8ba23c3934e491beaabdc49ef55a885387a4070897"},"registered":1074797328,"dob":1080027494,"phone":"03-125-189","cell":"045-266-93-51","id":{"name":"HETU","value":"72762535-F"},"picture":{"large":"https://randomuser.me/api/portraits/men/76.jpg","medium":"https://randomuser.me/api/portraits/med/men/76.jpg","thumbnail":"https://randomuser.me/api/portraits/thumb/men/76.jpg"},"nat":"FI"},{"gender":"male","name":{"title":"mr","first":"ritthy","last":"lord"},"location":{"street":"7944 highfield road","city":"athlone","state":"carlow","postcode":40260},"email":"ritthy.lord@example.com","login":{"username":"blackgorilla333","password":"wilson","salt":"P5m3J8eR","md5":"bbfb08b20ac3f70f1549d094a99da95c","sha1":"744b63ad2c7901445566cf2db371e26498dded04","sha256":"68fd6f16ae9cf66e2d4b603cde1d8944136927d2beba1a38a2820adb4864ce11"},"registered":1115864433,"dob":443391365,"phone":"031-915-0107","cell":"081-580-1664","id":{"name":"PPS","value":"8599793T"},"picture":{"large":"https://randomuser.me/api/portraits/men/49.jpg","medium":"https://randomuser.me/api/portraits/med/men/49.jpg","thumbnail":"https://randomuser.me/api/portraits/thumb/men/49.jpg"},"nat":"IE"},{"gender":"female","name":{"title":"ms","first":"annie","last":"steward"},"location":{"street":"5033 parker rd","city":"dubbo","state":"northern territory","postcode":293},"email":"annie.steward@example.com","login":{"username":"smallswan623","password":"skinny","salt":"2iTiyzdJ","md5":"48205fc89036c2b76ede8c442cfce2f0","sha1":"4c4fcd85fe993bdcf51391ee704f6a400dd811f4","sha256":"c4ee1789eab5ca3fb0c79e8d9d75e6c1ce7c35100e7fdb095dbad2f5c6e3a91e"},"registered":983606907,"dob":415301416,"phone":"03-2807-9911","cell":"0404-820-348","id":{"name":"TFN","value":"190075990"},"picture":{"large":"https://randomuser.me/api/portraits/women/74.jpg","medium":"https://randomuser.me/api/portraits/med/women/74.jpg","thumbnail":"https://randomuser.me/api/portraits/thumb/women/74.jpg"},"nat":"AU"},{"gender":"female","name":{"title":"ms","first":"vicenta","last":"gil"},"location":{"street":"5167 paseo de extremadura","city":"la coruña","state":"país vasco","postcode":20166},"email":"vicenta.gil@example.com","login":{"username":"heavybear643","password":"fitness","salt":"c0Ake2t1","md5":"7797d419881f6dad73b91ce441347be9","sha1":"1e00776a0fea6337b8ff06173000ad8334eb7794","sha256":"d9e549ebe07bc23f4dd1752fa50f049747c6a6a13cdd15ba2d4b34853eabd1f0"},"registered":992142783,"dob":254489469,"phone":"972-168-548","cell":"653-126-957","id":{"name":"DNI","value":"58058858-I"},"picture":{"large":"https://randomuser.me/api/portraits/women/28.jpg","medium":"https://randomuser.me/api/portraits/med/women/28.jpg","thumbnail":"https://randomuser.me/api/portraits/thumb/women/28.jpg"},"nat":"ES"},{"gender":"female","name":{"title":"miss","first":"brittany","last":"silva"},"location":{"street":"2715 westmoreland street","city":"roscrea","state":"longford","postcode":14572},"email":"brittany.silva@example.com","login":{"username":"silvergoose118","password":"poop","salt":"i4cb6p51","md5":"5b39b56ea919bf13eb3e3f6535f0ebd8","sha1":"92177df07755887f984006880d2398e2c4653972","sha256":"f8e84a0202d88b582160e7a71da48528101b9ac3605c99533522e5f62a1fccd7"},"registered":1061498048,"dob":752223164,"phone":"011-503-4188","cell":"081-847-5390","id":{"name":"PPS","value":"8089935T"},"picture":{"large":"https://randomuser.me/api/portraits/women/64.jpg","medium":"https://randomuser.me/api/portraits/med/women/64.jpg","thumbnail":"https://randomuser.me/api/portraits/thumb/women/64.jpg"},"nat":"IE"},{"gender":"male","name":{"title":"mr","first":"johnny","last":"oliver"},"location":{"street":"8382 jones road","city":"killarney","state":"dún laoghaire–rathdown","postcode":10125},"email":"johnny.oliver@example.com","login":{"username":"heavytiger427","password":"zuan","salt":"8CNtmAs1","md5":"dc1cc84dcf903bfc4d44dac647a5aed5","sha1":"bea8a40c42b6afbbcd140f793bfcf9a50bc275dc","sha256":"c4cf7048f74b53c15c6036e731285a4acde00b3ca1f69e250ef16de0170b142f"},"registered":1055650879,"dob":1022218343,"phone":"021-503-3787","cell":"081-169-7677","id":{"name":"PPS","value":"4962482T"},"picture":{"large":"https://randomuser.me/api/portraits/men/56.jpg","medium":"https://randomuser.me/api/portraits/med/men/56.jpg","thumbnail":"https://randomuser.me/api/portraits/thumb/men/56.jpg"},"nat":"IE"},{"gender":"female","name":{"title":"ms","first":"tracey","last":"may"},"location":{"street":"7732 mill lane","city":"newcastle upon tyne","state":"powys","postcode":"U0 8YB"},"email":"tracey.may@example.com","login":{"username":"yellowbutterfly439","password":"monica","salt":"B0WryCkb","md5":"db43b89bca4a5d0ed3dcda13ff5833a0","sha1":"6d61a031d134b016ab1152270b3ffaef826d7d3d","sha256":"1239fc4cedc9f15fcf08b5729bac656657d9d55a6f0f6d8781c5762d270e1d80"},"registered":1180045155,"dob":952648961,"phone":"016977 5910","cell":"0763-550-848","id":{"name":"NINO","value":"TA 01 82 70 A"},"picture":{"large":"https://randomuser.me/api/portraits/women/31.jpg","medium":"https://randomuser.me/api/portraits/med/women/31.jpg","thumbnail":"https://randomuser.me/api/portraits/thumb/women/31.jpg"},"nat":"GB"},{"gender":"male","name":{"title":"mr","first":"felix","last":"bouchard"},"location":{"street":"6095 king st","city":"vanier","state":"newfoundland and labrador","postcode":15309},"email":"felix.bouchard@example.com","login":{"username":"greenbutterfly767","password":"jezebel","salt":"Dr6A652U","md5":"6acd863c67445c7861a988aa847990bc","sha1":"58258f10ba8d4b723aa0d94a35597244d90eb221","sha256":"8c4ec2352db5bb5f2d7169d0f5ddf5672763ece7d7647f5131d5b942f897c342"},"registered":1042161318,"dob":1061399963,"phone":"997-700-6632","cell":"587-217-1269","id":{"name":"","value":null},"picture":{"large":"https://randomuser.me/api/portraits/men/36.jpg","medium":"https://randomuser.me/api/portraits/med/men/36.jpg","thumbnail":"https://randomuser.me/api/portraits/thumb/men/36.jpg"},"nat":"CA"},{"gender":"female","name":{"title":"mrs","first":"olivia","last":"neva"},"location":{"street":"7660 rotuaari","city":"nokia","state":"north karelia","postcode":66911},"email":"olivia.neva@example.com","login":{"username":"organiccat213","password":"18436572","salt":"2fR8gFOj","md5":"05a77761e6fca28c7541e409b854aced","sha1":"93fecf83d28b2a2af31542fefe82560a2ec635a0","sha256":"4db1b2a3fec8e7cbbc543d41007504110ca5666de404aed455506dcf8a42cfc6"},"registered":954336160,"dob":1082983455,"phone":"03-063-125","cell":"045-119-42-74","id":{"name":"HETU","value":"52853892-O"},"picture":{"large":"https://randomuser.me/api/portraits/women/51.jpg","medium":"https://randomuser.me/api/portraits/med/women/51.jpg","thumbnail":"https://randomuser.me/api/portraits/thumb/women/51.jpg"},"nat":"FI"},{"gender":"male","name":{"title":"mr","first":"rodrigo","last":"martinez"},"location":{"street":"9986 calle del pez","city":"córdoba","state":"la rioja","postcode":27241},"email":"rodrigo.martinez@example.com","login":{"username":"yellowleopard927","password":"fishes","salt":"0vk3xzp2","md5":"c10514dd34356ceb1cb0d141e9a861c2","sha1":"785159135f32db88615e35d6490c099380d8193f","sha256":"46dc769931ae7e3db41358e348205d64e9edede0561573bd1e4e4143ffce730d"},"registered":1422089157,"dob":1256932685,"phone":"927-566-810","cell":"679-448-551","id":{"name":"DNI","value":"28148416-E"},"picture":{"large":"https://randomuser.me/api/portraits/men/73.jpg","medium":"https://randomuser.me/api/portraits/med/men/73.jpg","thumbnail":"https://randomuser.me/api/portraits/thumb/men/73.jpg"},"nat":"ES"},{"gender":"male","name":{"title":"mr","first":"barış","last":"kavaklıoğlu"},"location":{"street":"5722 anafartalar cd","city":"batman","state":"İzmir","postcode":68419},"email":"barış.kavaklıoğlu@example.com","login":{"username":"orangetiger564","password":"tabatha","salt":"ciRTpdsu","md5":"2af99bd77043b890c78eea707ecfae7d","sha1":"9e0eda78cbe30f4839f7c5f801cc1eb7afb020b4","sha256":"3b927b5edb80802cf1970f66d72b5bb67d12cca30f17b7c1acd6b428eb2b7f3c"},"registered":1097159610,"dob":918178667,"phone":"(589)-563-7620","cell":"(135)-985-1862","id":{"name":"","value":null},"picture":{"large":"https://randomuser.me/api/portraits/men/97.jpg","medium":"https://randomuser.me/api/portraits/med/men/97.jpg","thumbnail":"https://randomuser.me/api/portraits/thumb/men/97.jpg"},"nat":"TR"},{"gender":"female","name":{"title":"madame","first":"lena","last":"duval"},"location":{"street":"7832 rue louis-garrand","city":"poliez-le-grand","state":"glarus","postcode":7494},"email":"lena.duval@example.com","login":{"username":"bluetiger787","password":"sheriff","salt":"QlOw1xyC","md5":"fb6cd4d2b39df9af3beb365b29d76db9","sha1":"ad58daa179908c597be927b341925f1638c471d5","sha256":"392c4ac99c9c37c5534ada25b05f56a8e199291a6cf8e49f53d0e00ccbc0c45e"},"registered":1400391598,"dob":98381232,"phone":"(414)-552-1429","cell":"(302)-004-1473","id":{"name":"AVS","value":"756.QTUK.COKV.54"},"picture":{"large":"https://randomuser.me/api/portraits/women/65.jpg","medium":"https://randomuser.me/api/portraits/med/women/65.jpg","thumbnail":"https://randomuser.me/api/portraits/thumb/women/65.jpg"},"nat":"CH"},{"gender":"female","name":{"title":"mademoiselle","first":"adèle","last":"guillot"},"location":{"street":"8029 rue d'abbeville","city":"lausanne","state":"aargau","postcode":5804},"email":"adèle.guillot@example.com","login":{"username":"smallfrog739","password":"bluejay","salt":"Vb8DXQnF","md5":"739129407f783479cd3aff7cd989ad31","sha1":"8c9a9aff13af2552c6467e7db71c232c13c5484e","sha256":"ead74d7f83de1a4cea7727bea876cab75d49bea09611768bd9b0d09d13e542d2"},"registered":1253427307,"dob":970681835,"phone":"(850)-761-5641","cell":"(358)-740-0776","id":{"name":"AVS","value":"756.JPGH.UGPH.16"},"picture":{"large":"https://randomuser.me/api/portraits/women/2.jpg","medium":"https://randomuser.me/api/portraits/med/women/2.jpg","thumbnail":"https://randomuser.me/api/portraits/thumb/women/2.jpg"},"nat":"CH"},{"gender":"female","name":{"title":"mrs","first":"laurine","last":"blanchard"},"location":{"street":"5925 rue du stade","city":"colombes","state":"corse-du-sud","postcode":46337},"email":"laurine.blanchard@example.com","login":{"username":"silverladybug841","password":"whore","salt":"eQSE8R5J","md5":"7486853cf29c175314c31579126dff8b","sha1":"5b1c5d9235bf5c77c62bbf2005bea76f2d22a92a","sha256":"044427a2625efb12a369aa581c1e3a98e5e2cbd10ef7c038b8718f2733d8436a"},"registered":1114472735,"dob":792834469,"phone":"04-11-54-10-31","cell":"06-22-97-13-75","id":{"name":"INSEE","value":"295101570901 60"},"picture":{"large":"https://randomuser.me/api/portraits/women/23.jpg","medium":"https://randomuser.me/api/portraits/med/women/23.jpg","thumbnail":"https://randomuser.me/api/portraits/thumb/women/23.jpg"},"nat":"FR"},{"gender":"female","name":{"title":"ms","first":"jeanne","last":"brar"},"location":{"street":"6231 20th ave","city":"shelbourne","state":"prince edward island","postcode":26166},"email":"jeanne.brar@example.com","login":{"username":"purpleostrich822","password":"golfer1","salt":"dbD8Wy9a","md5":"87ecefee9719a28058722ef5bde7b85f","sha1":"f855a8765a3adaca5ea614273d8860ad3c871537","sha256":"d7e0d18b6c0fdce6bd60038837c6ec0b156a7ab0f209881c2088d06ffd70668d"},"registered":1342874723,"dob":205922320,"phone":"005-857-3751","cell":"141-883-8636","id":{"name":"","value":null},"picture":{"large":"https://randomuser.me/api/portraits/women/89.jpg","medium":"https://randomuser.me/api/portraits/med/women/89.jpg","thumbnail":"https://randomuser.me/api/portraits/thumb/women/89.jpg"},"nat":"CA"},{"gender":"female","name":{"title":"miss","first":"lydia","last":"döring"},"location":{"street":"2248 grüner weg","city":"harburg","state":"baden-württemberg","postcode":80939},"email":"lydia.döring@example.com","login":{"username":"bluesnake371","password":"thong","salt":"PZFlklVW","md5":"141230a2ab0dbcb086dd4a1d60d6d956","sha1":"0f9f8b2859e75abf21928651434d894229840af4","sha256":"548d42a110a1d0c660fa1cdd3906319c180553ffe57fae94684bb2d2ae30b668"},"registered":936159408,"dob":418974906,"phone":"0955-1760210","cell":"0179-7505202","id":{"name":"","value":null},"picture":{"large":"https://randomuser.me/api/portraits/women/2.jpg","medium":"https://randomuser.me/api/portraits/med/women/2.jpg","thumbnail":"https://randomuser.me/api/portraits/thumb/women/2.jpg"},"nat":"DE"}],"info":{"seed":"5a6022f89c938901","results":50,"page":1,"version":"1.0"}}